id;title;keywords;description;rating;date_added;date_modified
1;Dynamic;knowledge base Buckinghamshire;Concrete Investment Account Saint Lucia;20306;2019-11-21;2019-11-20
2;Money Market Account;Salad Web virtual;Refined Squares;21844;2019-11-21;2019-11-21
3;EXE projection Fresh;support Gorgeous;withdrawal;52;2019-11-20;2019-11-21
4;ability Hat Iraq;magenta Concrete;User-centric Gloves;21876;2019-11-21;2019-11-21
5;facilitate Tasty Concrete Chips Exclusive;Buckinghamshire capability zero tolerance;mission-critical;97661;2019-11-21;2019-11-21
6;Home;Investor Public-key;Lebanon;44778;2019-11-20;2019-11-21
7;Credit Card Account;navigate;Re-contextualized;80313;2019-11-21;2019-11-21
8;Orchestrator deliver;Licensed hacking installation;Argentine Peso;85835;2019-11-20;2019-11-21
9;red firewall open-source;deposit Sausages;disintermediate Cambridgeshire hacking;67569;2019-11-21;2019-11-20
10;azure;SMS Enhanced;Bacon Designer;51663;2019-11-21;2019-11-21
